"Process","Driver","weighted_mean","weighted_low","weighted_high","Trait","sign","magnitude"
"Recruitment","Hypoxia",0.216566360360631,-0.111958609231444,0.545091329952706,NA,"+",0.216566360360631
"Recruitment","Ice-on",0.0884931274642268,-0.235098680469855,0.412084935398308,NA,"+",0.0884931274642268
"Growth","Hypoxia",0.439967576367164,0.206932512487228,0.686065686545062,"Adult growth","+",0.439967576367164
"Growth","Hypoxia",-0.0829748815528474,-0.235576572261094,-0.0245293319278749,"Juvenile growth","-",0.0829748815528474
"Growth","Ice-on",0.445892376736708,0.0384501234299974,0.882884121503859,"Adult growth","+",0.445892376736708
"Growth","Ice-on",-0.153116925234752,-0.338533341791549,-0.00522434543231189,"Juvenile growth","-",0.153116925234752
"Mortality","Hypoxia",-0.265380523554274,-0.581265355144244,0.050504308035697,NA,"-",0.265380523554274
"Mortality","Ice-on",0.258188226065362,0.000587317045535288,0.515789135085188,NA,"+",0.258188226065362
