"mu","biomass"
1,6157251.64782609
2,7346967.47391304
3,6328261.88652174
4,827545.876521739
